account_id,customer_id,account_type,opening_balance
A00001,C0001,Cheque,38274.28
A00002,C0002,Premier,45312.66
A00003,C0003,Premier,5039.82
A00004,C0004,Premier,44289.17
A00005,C0005,Premier,3136.22
A00006,C0006,Savings,19615.22
A00007,C0007,Youth,11614.67
A00008,C0008,Cheque,42039.23
A00009,C0009,Savings,7311.18
A00010,C0010,Premier,34955.56
A00011,C0011,Premier,22705.77
A00012,C0012,Cheque,1440.69
A00013,C0013,Savings,27665.81
A00014,C0014,Cheque,38920.55
A00015,C0014,Savings,15406.98
A00016,C0015,Savings,21281.36
A00017,C0016,Cheque,5987.47
A00018,C0016,Premier,30038.58
A00019,C0017,Business,28964.85
A00020,C0018,Youth,21747.33
A00021,C0019,Savings,28747.85
A00022,C0020,Cheque,26412.49
A00023,C0021,Cheque,47693.48
A00024,C0022,Premier,43729.91
A00025,C0023,Premier,49061.45
A00026,C0024,Cheque,18176.15
A00027,C0025,Youth,12435.73
A00028,C0026,Business,36891.76
A00029,C0027,Savings,2694.62
A00030,C0028,Savings,41603.99
A00031,C0029,Premier,31770.92
A00032,C0029,Savings,3623.48
A00033,C0030,Cheque,15025.41
A00034,C0030,Cheque,39659.91
A00035,C0031,Youth,46701.86
A00036,C0032,Business,23933.29
A00037,C0032,Cheque,37787.9
A00038,C0033,Youth,18170.22
A00039,C0034,Youth,14024.22
A00040,C0035,Premier,44529.58
A00041,C0036,Premier,17282.31
A00042,C0036,Savings,25062.06
A00043,C0037,Youth,46253.37
A00044,C0037,Business,13702.67
A00045,C0038,Premier,4406.89
A00046,C0039,Business,15041.44
A00047,C0040,Cheque,16732.04
A00048,C0041,Youth,22572.83
A00049,C0042,Savings,34643.36
A00050,C0042,Youth,22632.92
A00051,C0043,Business,49908.45
A00052,C0044,Cheque,4214.54
A00053,C0045,Youth,25897.76
A00054,C0045,Savings,47663.08
A00055,C0046,Business,34065.4
A00056,C0047,Cheque,6748.39
A00057,C0047,Savings,39036.51
A00058,C0048,Youth,19451.29
A00059,C0049,Business,8095.19
A00060,C0050,Youth,18914.66
A00061,C0050,Cheque,28909.13
A00062,C0051,Premier,16062.08
A00063,C0052,Savings,48045.74
A00064,C0053,Savings,25202.68
A00065,C0054,Business,6329.17
A00066,C0054,Youth,35349.87
A00067,C0055,Business,14636.06
A00068,C0056,Savings,6570.55
A00069,C0056,Cheque,22876.11
A00070,C0057,Cheque,40620.4
A00071,C0057,Youth,33558.07
A00072,C0058,Business,27337.48
A00073,C0059,Savings,35734.55
A00074,C0060,Youth,25683.41
A00075,C0061,Savings,39707.25
A00076,C0062,Premier,1801.06
A00077,C0063,Premier,40281.26
A00078,C0064,Business,44270.2
A00079,C0065,Youth,20208.92
A00080,C0066,Business,20834.36
A00081,C0066,Premier,41255.3
A00082,C0067,Savings,48632.8
A00083,C0068,Premier,23558.74
A00084,C0069,Savings,43959.03
A00085,C0070,Savings,21914.61
A00086,C0071,Cheque,26146.06
A00087,C0072,Savings,8517.36
A00088,C0073,Youth,47400.42
A00089,C0074,Cheque,12904.96
A00090,C0075,Savings,31438.61
A00091,C0076,Business,32228.88
A00092,C0077,Savings,33107.28
A00093,C0078,Business,2539.12
A00094,C0079,Cheque,2750.36
A00095,C0080,Savings,38464.47
A00096,C0081,Business,32130.06
A00097,C0081,Premier,44505.35
A00098,C0082,Youth,24405.77
A00099,C0083,Youth,22950.43
A00100,C0083,Cheque,8324.98
A00101,C0084,Premier,23489.89
A00102,C0084,Youth,30529.68
A00103,C0085,Youth,36842.89
A00104,C0086,Premier,6972.92
A00105,C0087,Business,28301.74
A00106,C0088,Savings,23590.39
A00107,C0089,Premier,12771.98
A00108,C0090,Cheque,14865.49
A00109,C0091,Business,21197.67
A00110,C0091,Savings,40767.15
A00111,C0092,Savings,38274.51
A00112,C0093,Business,23607.35
A00113,C0093,Youth,25119.83
A00114,C0094,Premier,25519.5
A00115,C0095,Savings,29375.53
A00116,C0096,Cheque,14427.14
A00117,C0097,Youth,27066.19
A00118,C0097,Cheque,21830.92
A00119,C0098,Youth,38310.91
A00120,C0099,Cheque,20328.79
A00121,C0100,Youth,27884.53
A00122,C0101,Premier,25460.65
A00123,C0102,Business,34179.73
A00124,C0103,Savings,48766.6
A00125,C0104,Youth,39847.41
A00126,C0104,Youth,28112.68
A00127,C0105,Savings,10353.37
A00128,C0106,Business,2492.62
A00129,C0106,Cheque,7283.3
A00130,C0107,Premier,26206.97
A00131,C0108,Business,44710.02
A00132,C0109,Youth,46602.75
A00133,C0110,Savings,19951.25
A00134,C0111,Business,17150.49
A00135,C0112,Business,15339.63
A00136,C0112,Cheque,18733.71
A00137,C0113,Premier,29393.26
A00138,C0114,Business,23992.22
A00139,C0115,Cheque,29384.4
A00140,C0116,Business,31636.75
A00141,C0117,Savings,41172.23
A00142,C0117,Savings,2062.74
A00143,C0118,Savings,1437.4
A00144,C0119,Premier,7995.85
A00145,C0120,Premier,25340.07
A00146,C0121,Cheque,35435.87
A00147,C0121,Business,10763.41
A00148,C0122,Premier,26511.12
A00149,C0123,Savings,23253.34
A00150,C0124,Business,18037.21
A00151,C0125,Business,24466.92
A00152,C0126,Youth,28125.29
A00153,C0127,Youth,38673.13
A00154,C0128,Premier,16193.52
A00155,C0129,Business,46718.17
A00156,C0130,Youth,6532.77
A00157,C0131,Premier,41009.68
A00158,C0131,Savings,14877.41
A00159,C0132,Cheque,17644.99
A00160,C0133,Youth,37493.26
A00161,C0133,Savings,10502.37
A00162,C0134,Business,34960.48
A00163,C0135,Cheque,30976.01
A00164,C0136,Savings,3012.89
A00165,C0137,Savings,3098.31
A00166,C0138,Youth,36009.22
A00167,C0138,Cheque,34219.0
A00168,C0139,Cheque,48243.68
A00169,C0140,Premier,32818.19
A00170,C0141,Premier,32701.67
A00171,C0141,Youth,16397.8
A00172,C0142,Cheque,32788.79
A00173,C0143,Business,37064.98
A00174,C0144,Savings,21185.31
A00175,C0145,Cheque,49860.0
A00176,C0146,Premier,9722.43
A00177,C0146,Youth,43898.79
A00178,C0147,Youth,28614.11
A00179,C0148,Youth,14585.8
A00180,C0149,Savings,42627.46
A00181,C0149,Premier,14005.44
A00182,C0150,Youth,8543.47
A00183,C0151,Youth,36070.61
A00184,C0151,Cheque,36962.59
A00185,C0152,Business,33882.86
A00186,C0153,Savings,30742.25
A00187,C0154,Premier,26006.39
A00188,C0154,Cheque,20341.25
A00189,C0155,Savings,49093.42
A00190,C0156,Youth,46823.36
A00191,C0156,Cheque,13408.87
A00192,C0157,Premier,37810.95
A00193,C0158,Youth,29331.81
A00194,C0159,Youth,32857.33
A00195,C0160,Cheque,33555.41
A00196,C0161,Youth,8405.98
A00197,C0161,Business,46193.75
A00198,C0162,Cheque,32116.21
A00199,C0163,Youth,30923.96
A00200,C0164,Savings,24170.0
A00201,C0165,Business,18994.43
A00202,C0165,Business,45683.45
A00203,C0166,Savings,34176.93
A00204,C0167,Business,22614.02
A00205,C0168,Cheque,45903.61
A00206,C0169,Cheque,41524.32
A00207,C0170,Business,27064.68
A00208,C0171,Youth,42797.06
A00209,C0172,Cheque,34174.61
A00210,C0172,Business,24696.98
A00211,C0173,Cheque,22944.9
A00212,C0173,Business,21063.52
A00213,C0174,Business,23387.73
A00214,C0175,Cheque,20099.46
A00215,C0176,Savings,29126.41
A00216,C0177,Premier,17554.18
A00217,C0178,Business,49709.12
A00218,C0179,Premier,2070.88
A00219,C0180,Savings,38564.12
A00220,C0180,Premier,19035.82
A00221,C0181,Premier,43546.2
A00222,C0181,Premier,19094.45
A00223,C0182,Youth,6372.34
A00224,C0183,Business,6803.68
A00225,C0183,Savings,41823.67
A00226,C0184,Youth,23418.69
A00227,C0185,Business,19274.19
A00228,C0185,Savings,12751.85
A00229,C0186,Savings,14144.66
A00230,C0187,Cheque,40569.17
A00231,C0188,Business,38419.65
A00232,C0188,Cheque,12412.98
A00233,C0189,Cheque,29900.24
A00234,C0190,Business,33765.17
A00235,C0190,Cheque,12614.34
A00236,C0191,Premier,22228.66
A00237,C0192,Cheque,7436.71
A00238,C0193,Savings,40881.42
A00239,C0194,Business,30096.92
A00240,C0195,Savings,15437.34
A00241,C0196,Business,11441.62
A00242,C0197,Youth,3517.4
A00243,C0198,Premier,28014.61
A00244,C0199,Youth,47108.53
A00245,C0200,Business,16277.36
A00246,C0200,Premier,20708.83
A00247,C0201,Premier,9602.01
A00248,C0202,Savings,42542.38
A00249,C0202,Youth,42948.29
A00250,C0203,Premier,45779.69
A00251,C0204,Premier,28085.69
A00252,C0204,Savings,19726.74
A00253,C0205,Savings,16848.02
A00254,C0206,Premier,42433.1
A00255,C0207,Business,36366.94
A00256,C0208,Cheque,13788.85
A00257,C0209,Cheque,9814.08
A00258,C0210,Premier,10840.01
A00259,C0211,Youth,47872.48
A00260,C0212,Savings,46889.41
A00261,C0213,Premier,45764.84
A00262,C0214,Premier,45798.76
A00263,C0215,Youth,19342.76
A00264,C0216,Youth,13447.3
A00265,C0217,Premier,5381.11
A00266,C0217,Premier,38200.63
A00267,C0218,Savings,18849.89
A00268,C0219,Cheque,28344.97
A00269,C0219,Savings,37191.99
A00270,C0220,Youth,27888.92
A00271,C0221,Youth,8044.36
A00272,C0221,Youth,11885.92
A00273,C0222,Premier,27756.81
A00274,C0223,Youth,38286.35
A00275,C0224,Premier,23311.04
A00276,C0224,Youth,8878.65
A00277,C0225,Savings,45886.52
A00278,C0225,Business,49521.02
A00279,C0226,Business,2174.28
A00280,C0227,Cheque,38334.77
A00281,C0228,Savings,42205.96
A00282,C0228,Savings,3864.41
A00283,C0229,Cheque,11326.62
A00284,C0230,Youth,3492.28
A00285,C0230,Business,45681.2
A00286,C0231,Cheque,827.31
A00287,C0231,Business,20861.26
A00288,C0232,Business,36248.54
A00289,C0233,Cheque,25359.69
A00290,C0234,Savings,5797.31
A00291,C0234,Cheque,26457.08
A00292,C0235,Savings,31179.15
A00293,C0236,Youth,13732.57
A00294,C0237,Cheque,18966.05
A00295,C0237,Premier,23220.39
A00296,C0238,Savings,15348.74
A00297,C0239,Cheque,5128.28
A00298,C0240,Premier,27858.72
A00299,C0240,Cheque,32019.03
A00300,C0241,Cheque,25242.99
A00301,C0242,Youth,28509.9
A00302,C0242,Cheque,44792.17
A00303,C0243,Savings,10965.14
A00304,C0244,Youth,2804.82
A00305,C0244,Cheque,34379.22
A00306,C0245,Business,28393.74
A00307,C0246,Savings,46473.93
A00308,C0247,Cheque,48092.72
A00309,C0248,Premier,46479.31
A00310,C0249,Savings,28415.93
A00311,C0250,Business,16920.63
A00312,C0250,Savings,39629.66
A00313,C0251,Business,37400.1
A00314,C0252,Cheque,5335.45
A00315,C0253,Cheque,17359.34
A00316,C0254,Youth,1966.47
A00317,C0254,Youth,39285.63
A00318,C0255,Premier,11792.85
A00319,C0255,Business,47086.57
A00320,C0256,Savings,34144.9
A00321,C0256,Premier,4741.86
A00322,C0257,Savings,35798.87
A00323,C0258,Youth,8133.94
A00324,C0259,Premier,16175.57
A00325,C0260,Cheque,757.16
A00326,C0261,Premier,18315.92
A00327,C0262,Cheque,7059.1
A00328,C0263,Premier,22717.76
A00329,C0264,Cheque,1799.96
A00330,C0264,Youth,27933.88
A00331,C0265,Premier,1110.86
A00332,C0266,Premier,39068.87
A00333,C0266,Business,45307.77
A00334,C0267,Business,26294.67
A00335,C0268,Savings,7372.58
A00336,C0268,Youth,13786.14
A00337,C0269,Cheque,8776.77
A00338,C0270,Premier,15337.74
A00339,C0271,Youth,12959.14
A00340,C0272,Premier,29893.42
A00341,C0273,Premier,5795.13
A00342,C0274,Cheque,47466.76
A00343,C0275,Business,19304.55
A00344,C0276,Premier,17069.44
A00345,C0277,Youth,16372.93
A00346,C0278,Premier,16052.07
A00347,C0279,Youth,14926.68
A00348,C0279,Premier,48404.27
A00349,C0280,Youth,19114.74
A00350,C0281,Youth,6137.45
A00351,C0281,Business,10390.1
A00352,C0282,Business,1832.35
A00353,C0283,Savings,22203.52
A00354,C0283,Youth,41648.45
A00355,C0284,Premier,33812.39
A00356,C0285,Youth,12480.05
A00357,C0286,Premier,39559.3
A00358,C0287,Premier,49539.68
A00359,C0288,Business,20339.85
A00360,C0288,Business,46213.04
A00361,C0289,Business,2319.88
A00362,C0289,Youth,35230.9
A00363,C0290,Cheque,38563.23
A00364,C0291,Savings,32526.49
A00365,C0292,Business,49188.61
A00366,C0293,Youth,48302.98
A00367,C0293,Premier,5744.26
A00368,C0294,Youth,11489.05
A00369,C0295,Premier,19018.92
A00370,C0296,Business,34676.65
A00371,C0296,Savings,17575.89
A00372,C0297,Premier,5675.19
A00373,C0298,Cheque,6245.43
A00374,C0298,Savings,17742.27
A00375,C0299,Premier,39321.36
A00376,C0300,Youth,24070.05
A00377,C0300,Premier,36238.7
